[
  {
    "_id": "7e8996e0-c23d-11e8-8e1b-758ef07f6de8",
    "_type": "dashboard",
    "_source": {
      "panelsJSON": "[{\"embeddableConfig\":{},\"gridData\":{\"x\":0,\"y\":21,\"w\":48,\"h\":13,\"i\":\"1\"},\"id\":\"3ade53d0-c23e-11e8-8e1b-758ef07f6de8\",\"panelIndex\":\"1\",\"type\":\"visualization\",\"version\":\"6.4.0\"},{\"embeddableConfig\":{},\"gridData\":{\"x\":0,\"y\":34,\"w\":48,\"h\":27,\"i\":\"2\"},\"id\":\"9397f350-c23e-11e8-8e1b-758ef07f6de8\",\"panelIndex\":\"2\",\"type\":\"search\",\"version\":\"6.4.0\"},{\"embeddableConfig\":{},\"gridData\":{\"x\":0,\"y\":0,\"w\":24,\"h\":21,\"i\":\"3\"},\"id\":\"1ec6a660-c244-11e8-8e1b-758ef07f6de8\",\"panelIndex\":\"3\",\"type\":\"visualization\",\"version\":\"6.4.0\"},{\"embeddableConfig\":{},\"gridData\":{\"x\":24,\"y\":0,\"w\":24,\"h\":21,\"i\":\"4\"},\"id\":\"65918380-c244-11e8-8e1b-758ef07f6de8\",\"panelIndex\":\"4\",\"type\":\"visualization\",\"version\":\"6.4.0\"}]",
      "hits": 0,
      "kibanaSavedObjectMeta": {
        "searchSourceJSON": "{\"query\":{\"language\":\"lucene\",\"query\":\"\"},\"filter\":[]}"
      },
      "timeRestore": false,
      "description": "",
      "title": "Monitoring",
      "optionsJSON": "{\"darkTheme\":false,\"hidePanelTitles\":false,\"useMargins\":true}",
      "version": 1
    },
    "_meta": {
      "savedObjectVersion": 2
    }
  },
  {
    "_id": "d92524b0-c25c-11e8-8e1b-758ef07f6de8",
    "_type": "visualization",
    "_source": {
      "visState": "{\"title\":\"Activity of users\",\"type\":\"metrics\",\"params\":{\"id\":\"61ca57f0-469d-11e7-af02-69e470af7417\",\"type\":\"timeseries\",\"series\":[{\"id\":\"61ca57f1-469d-11e7-af02-69e470af7417\",\"color\":\"#68BC00\",\"split_mode\":\"terms\",\"metrics\":[{\"id\":\"61ca57f2-469d-11e7-af02-69e470af7417\",\"type\":\"count\"}],\"separate_axis\":0,\"axis_position\":\"right\",\"formatter\":\"number\",\"chart_type\":\"line\",\"line_width\":1,\"point_size\":1,\"fill\":0.5,\"stacked\":\"none\",\"label\":\"User\",\"terms_field\":\"userid.keyword\",\"terms_size\":\"100\"}],\"time_field\":\"@timestamp\",\"index_pattern\":\"cvat*\",\"interval\":\"auto\",\"axis_position\":\"left\",\"axis_formatter\":\"number\",\"axis_scale\":\"normal\",\"show_legend\":1,\"show_grid\":1},\"aggs\":[]}",
      "uiStateJSON": "{}",
      "description": "",
      "title": "Activity of users",
      "kibanaSavedObjectMeta": {
        "searchSourceJSON": "{\"query\":{\"query\":\"\",\"language\":\"lucene\"},\"filter\":[]}"
      },
      "version": 1
    },
    "_meta": {
      "savedObjectVersion": 2
    }
  },
  {
    "_id": "9397f350-c23e-11e8-8e1b-758ef07f6de8",
    "_type": "search",
    "_source": {
      "hits": 0,
      "sort": ["@timestamp", "desc"],
      "kibanaSavedObjectMeta": {
        "searchSourceJSON": "{\"index\":\"ec510550-c238-11e8-8e1b-758ef07f6de8\",\"highlightAll\":true,\"version\":true,\"query\":{\"language\":\"lucene\",\"query\":\"event:\\\"Send exception\\\"\"},\"filter\":[]}"
      },
      "columns": ["task", "type", "userid", "stack"],
      "description": "",
      "title": "Table with exceptions",
      "version": 1
    },
    "_meta": {
      "savedObjectVersion": 2
    }
  },
  {
    "_id": "3ade53d0-c23e-11e8-8e1b-758ef07f6de8",
    "_type": "visualization",
    "_source": {
      "title": "Timeline for exceptions",
      "visState": "{\"aggs\":[{\"enabled\":true,\"id\":\"1\",\"params\":{\"customBucket\":{\"enabled\":true,\"id\":\"1-bucket\",\"params\":{\"filters\":[{\"input\":{\"query\":\"event:\\\"Send exception\\\"\"},\"label\":\"\"}]},\"schema\":{\"aggFilter\":[],\"deprecate\":false,\"editor\":false,\"group\":\"none\",\"max\":null,\"min\":0,\"name\":\"bucketAgg\",\"params\":[],\"title\":\"Bucket Agg\"},\"type\":\"filters\"},\"customLabel\":\"Exceptions\",\"customMetric\":{\"enabled\":true,\"id\":\"1-metric\",\"params\":{\"customLabel\":\"Exceptions\"},\"schema\":{\"aggFilter\":[\"!top_hits\",\"!percentiles\",\"!percentile_ranks\",\"!median\",\"!std_dev\",\"!sum_bucket\",\"!avg_bucket\",\"!min_bucket\",\"!max_bucket\",\"!derivative\",\"!moving_avg\",\"!serial_diff\",\"!cumulative_sum\"],\"deprecate\":false,\"editor\":false,\"group\":\"none\",\"max\":null,\"min\":0,\"name\":\"metricAgg\",\"params\":[],\"title\":\"Metric Agg\"},\"type\":\"count\"}},\"schema\":\"metric\",\"type\":\"sum_bucket\"},{\"enabled\":true,\"id\":\"2\",\"params\":{\"customInterval\":\"2h\",\"customLabel\":\"Time\",\"extended_bounds\":{},\"field\":\"@timestamp\",\"interval\":\"auto\",\"min_doc_count\":1},\"schema\":\"segment\",\"type\":\"date_histogram\"}],\"params\":{\"addLegend\":true,\"addTimeMarker\":true,\"addTooltip\":true,\"categoryAxes\":[{\"id\":\"CategoryAxis-1\",\"labels\":{\"show\":true,\"truncate\":100},\"position\":\"bottom\",\"scale\":{\"type\":\"linear\"},\"show\":true,\"style\":{},\"title\":{},\"type\":\"category\"}],\"grid\":{\"categoryLines\":false,\"style\":{\"color\":\"#eee\"}},\"legendPosition\":\"right\",\"seriesParams\":[{\"data\":{\"id\":\"1\",\"label\":\"Exceptions\"},\"drawLinesBetweenPoints\":true,\"mode\":\"stacked\",\"show\":\"true\",\"showCircles\":true,\"type\":\"histogram\",\"valueAxis\":\"ValueAxis-1\"}],\"times\":[],\"type\":\"histogram\",\"valueAxes\":[{\"id\":\"ValueAxis-1\",\"labels\":{\"filter\":false,\"rotate\":0,\"show\":true,\"truncate\":100},\"name\":\"LeftAxis-1\",\"position\":\"left\",\"scale\":{\"mode\":\"normal\",\"type\":\"linear\"},\"show\":true,\"style\":{},\"title\":{\"text\":\"Exceptions\"},\"type\":\"value\"}]},\"title\":\"Timeline for exceptions\",\"type\":\"histogram\"}",
      "uiStateJSON": "{}",
      "description": "",
      "version": 1,
      "kibanaSavedObjectMeta": {
        "searchSourceJSON": "{\"index\":\"ec510550-c238-11e8-8e1b-758ef07f6de8\",\"query\":{\"query\":\"\",\"language\":\"lucene\"},\"filter\":[]}"
      }
    },
    "_meta": {
      "savedObjectVersion": 2
    }
  },
  {
    "_id": "1ec6a660-c244-11e8-8e1b-758ef07f6de8",
    "_type": "visualization",
    "_source": {
      "title": "Duration of events",
      "visState": "{\"title\":\"Duration of events\",\"type\":\"table\",\"params\":{\"perPage\":10,\"showMetricsAtAllLevels\":false,\"showPartialRows\":false,\"showTotal\":false,\"sort\":{\"columnIndex\":null,\"direction\":null},\"totalFunc\":\"sum\"},\"aggs\":[{\"id\":\"2\",\"enabled\":true,\"type\":\"terms\",\"schema\":\"bucket\",\"params\":{\"field\":\"event.keyword\",\"size\":1000,\"order\":\"desc\",\"orderBy\":\"_key\",\"otherBucket\":false,\"otherBucketLabel\":\"Other\",\"missingBucket\":false,\"missingBucketLabel\":\"Missing\",\"customLabel\":\"Action\"}},{\"id\":\"3\",\"enabled\":true,\"type\":\"avg\",\"schema\":\"metric\",\"params\":{\"field\":\"duration\",\"customLabel\":\"\"}},{\"id\":\"4\",\"enabled\":true,\"type\":\"min\",\"schema\":\"metric\",\"params\":{\"field\":\"duration\",\"customLabel\":\"\"}},{\"id\":\"5\",\"enabled\":true,\"type\":\"max\",\"schema\":\"metric\",\"params\":{\"field\":\"duration\"}}]}",
      "uiStateJSON": "{\"vis\":{\"params\":{\"sort\":{\"columnIndex\":null,\"direction\":null}}}}",
      "description": "",
      "version": 1,
      "kibanaSavedObjectMeta": {
        "searchSourceJSON": "{\"index\":\"ec510550-c238-11e8-8e1b-758ef07f6de8\",\"query\":{\"language\":\"lucene\",\"query\":\"\"},\"filter\":[{\"$state\":{\"store\":\"appState\"},\"exists\":{\"field\":\"duration\"},\"meta\":{\"alias\":null,\"disabled\":false,\"index\":\"ec510550-c238-11e8-8e1b-758ef07f6de8\",\"key\":\"duration\",\"negate\":false,\"type\":\"exists\",\"value\":\"exists\"}}]}"
      }
    },
    "_meta": {
      "savedObjectVersion": 2
    }
  },
  {
    "_id": "ec510550-c238-11e8-8e1b-758ef07f6de8",
    "_type": "index-pattern",
    "_source": {
      "fields": "[{\"name\":\"@timestamp\",\"type\":\"date\",\"count\":2,\"scripted\":false,\"searchable\":true,\"aggregatable\":true,\"readFromDocValues\":true},{\"name\":\"@version\",\"type\":\"string\",\"count\":0,\"scripted\":false,\"searchable\":true,\"aggregatable\":false,\"readFromDocValues\":false},{\"name\":\"@version.keyword\",\"type\":\"string\",\"count\":0,\"scripted\":false,\"searchable\":true,\"aggregatable\":true,\"readFromDocValues\":true},{\"name\":\"_id\",\"type\":\"string\",\"count\":0,\"scripted\":false,\"searchable\":true,\"aggregatable\":true,\"readFromDocValues\":false},{\"name\":\"_index\",\"type\":\"string\",\"count\":0,\"scripted\":false,\"searchable\":true,\"aggregatable\":true,\"readFromDocValues\":false},{\"name\":\"_score\",\"type\":\"number\",\"count\":0,\"scripted\":false,\"searchable\":false,\"aggregatable\":false,\"readFromDocValues\":false},{\"name\":\"_source\",\"type\":\"_source\",\"count\":0,\"scripted\":false,\"searchable\":false,\"aggregatable\":false,\"readFromDocValues\":false},{\"name\":\"_type\",\"type\":\"string\",\"count\":0,\"scripted\":false,\"searchable\":true,\"aggregatable\":true,\"readFromDocValues\":false},{\"name\":\"application\",\"type\":\"string\",\"count\":0,\"scripted\":false,\"searchable\":true,\"aggregatable\":false,\"readFromDocValues\":false},{\"name\":\"application.keyword\",\"type\":\"string\",\"count\":0,\"scripted\":false,\"searchable\":true,\"aggregatable\":true,\"readFromDocValues\":true},{\"name\":\"box count\",\"type\":\"number\",\"count\":0,\"scripted\":false,\"searchable\":true,\"aggregatable\":true,\"readFromDocValues\":true},{\"name\":\"duration\",\"type\":\"number\",\"count\":0,\"scripted\":false,\"searchable\":true,\"aggregatable\":true,\"readFromDocValues\":true},{\"name\":\"event\",\"type\":\"string\",\"count\":2,\"scripted\":false,\"searchable\":true,\"aggregatable\":false,\"readFromDocValues\":false},{\"name\":\"event.keyword\",\"type\":\"string\",\"count\":0,\"scripted\":false,\"searchable\":true,\"aggregatable\":true,\"readFromDocValues\":true},{\"name\":\"frame count\",\"type\":\"number\",\"count\":0,\"scripted\":false,\"searchable\":true,\"aggregatable\":true,\"readFromDocValues\":true},{\"name\":\"object count\",\"type\":\"number\",\"count\":0,\"scripted\":false,\"searchable\":true,\"aggregatable\":true,\"readFromDocValues\":true},{\"name\":\"points count\",\"type\":\"number\",\"count\":0,\"scripted\":false,\"searchable\":true,\"aggregatable\":true,\"readFromDocValues\":true},{\"name\":\"polygon count\",\"type\":\"number\",\"count\":0,\"scripted\":false,\"searchable\":true,\"aggregatable\":true,\"readFromDocValues\":true},{\"name\":\"polyline count\",\"type\":\"number\",\"count\":0,\"scripted\":false,\"searchable\":true,\"aggregatable\":true,\"readFromDocValues\":true},{\"name\":\"task\",\"type\":\"string\",\"count\":2,\"scripted\":false,\"searchable\":true,\"aggregatable\":false,\"readFromDocValues\":false},{\"name\":\"task\",\"type\":\"string\",\"count\":0,\"scripted\":false,\"searchable\":true,\"aggregatable\":true,\"readFromDocValues\":true},{\"name\":\"timestamp\",\"type\":\"number\",\"count\":0,\"scripted\":false,\"searchable\":true,\"aggregatable\":true,\"readFromDocValues\":true},{\"name\":\"track count\",\"type\":\"number\",\"count\":0,\"scripted\":false,\"searchable\":true,\"aggregatable\":true,\"readFromDocValues\":true},{\"name\":\"userid\",\"type\":\"string\",\"count\":2,\"scripted\":false,\"searchable\":true,\"aggregatable\":false,\"readFromDocValues\":false},{\"name\":\"userid.keyword\",\"type\":\"string\",\"count\":0,\"scripted\":false,\"searchable\":true,\"aggregatable\":true,\"readFromDocValues\":true},{\"name\":\"working_time\",\"type\":\"number\",\"count\":0,\"scripted\":false,\"searchable\":true,\"aggregatable\":true,\"readFromDocValues\":true}]",
      "title": "cvat*",
      "timeFieldName": "@timestamp",
      "fieldFormatMap": "{\"duration\":{\"id\":\"duration\",\"params\":{\"inputFormat\":\"milliseconds\",\"outputFormat\":\"asSeconds\"}},\"working_time\":{\"id\":\"duration\",\"params\":{\"inputFormat\":\"milliseconds\",\"outputFormat\":\"asHours\"}}}"
    },
    "_meta": {
      "savedObjectVersion": 2
    }
  },
  {
    "_id": "65918380-c244-11e8-8e1b-758ef07f6de8",
    "_type": "visualization",
    "_source": {
      "title": "Number of events",
      "visState": "{\"title\":\"Number of events\",\"type\":\"table\",\"params\":{\"perPage\":20,\"showMetricsAtAllLevels\":false,\"showPartialRows\":false,\"showTotal\":false,\"sort\":{\"columnIndex\":null,\"direction\":null},\"totalFunc\":\"sum\"},\"aggs\":[{\"id\":\"1\",\"enabled\":true,\"type\":\"count\",\"schema\":\"metric\",\"params\":{}},{\"id\":\"2\",\"enabled\":true,\"type\":\"terms\",\"schema\":\"bucket\",\"params\":{\"field\":\"event.keyword\",\"size\":1000,\"order\":\"desc\",\"orderBy\":\"1\",\"otherBucket\":false,\"otherBucketLabel\":\"Other\",\"missingBucket\":false,\"missingBucketLabel\":\"Missing\",\"customLabel\":\"Action\"}}]}",
      "uiStateJSON": "{\"vis\":{\"params\":{\"sort\":{\"columnIndex\":null,\"direction\":null}}}}",
      "description": "",
      "version": 1,
      "kibanaSavedObjectMeta": {
        "searchSourceJSON": "{\"index\":\"ec510550-c238-11e8-8e1b-758ef07f6de8\",\"query\":{\"language\":\"lucene\",\"query\":\"\"},\"filter\":[]}"
      }
    },
    "_meta": {
      "savedObjectVersion": 2
    }
  },
  {
    "_id": "543f6260-c25c-11e8-8e1b-758ef07f6de8",
    "_type": "visualization",
    "_source": {
      "title": "Working day",
      "visState": "{\"title\":\"Working day\",\"type\":\"table\",\"params\":{\"perPage\":20,\"showPartialRows\":false,\"showMetricsAtAllLevels\":false,\"sort\":{\"columnIndex\":null,\"direction\":null},\"showTotal\":false,\"totalFunc\":\"sum\"},\"aggs\":[{\"id\":\"1\",\"enabled\":true,\"type\":\"min\",\"schema\":\"metric\",\"params\":{\"field\":\"@timestamp\",\"customLabel\":\"Start\"}},{\"id\":\"3\",\"enabled\":true,\"type\":\"terms\",\"schema\":\"bucket\",\"params\":{\"field\":\"userid.keyword\",\"size\":1000,\"order\":\"asc\",\"orderBy\":\"_key\",\"otherBucket\":false,\"otherBucketLabel\":\"Other\",\"missingBucket\":false,\"missingBucketLabel\":\"Missing\",\"customLabel\":\"User\"}},{\"id\":\"4\",\"enabled\":true,\"type\":\"max\",\"schema\":\"metric\",\"params\":{\"field\":\"@timestamp\",\"customLabel\":\"End\"}},{\"id\":\"2\",\"enabled\":true,\"type\":\"date_histogram\",\"schema\":\"split\",\"params\":{\"field\":\"@timestamp\",\"interval\":\"d\",\"customInterval\":\"2h\",\"min_doc_count\":1,\"extended_bounds\":{},\"customLabel\":\"day\",\"row\":true}}]}",
      "uiStateJSON": "{\"vis\":{\"params\":{\"sort\":{\"columnIndex\":null,\"direction\":null}}}}",
      "description": "",
      "version": 1,
      "kibanaSavedObjectMeta": {
        "searchSourceJSON": "{\"index\":\"ec510550-c238-11e8-8e1b-758ef07f6de8\",\"query\":{\"query\":\"\",\"language\":\"lucene\"},\"filter\":[]}"
      }
    },
    "_meta": {
      "savedObjectVersion": 2
    }
  },
  {
    "_id": "31ac2d60-c25b-11e8-8e1b-758ef07f6de8",
    "_type": "visualization",
    "_source": {
      "title": "List of users",
      "visState": "{\"aggs\":[{\"enabled\":true,\"id\":\"2\",\"params\":{\"customLabel\":\"User\",\"field\":\"userid.keyword\",\"missingBucket\":false,\"missingBucketLabel\":\"Missing\",\"order\":\"asc\",\"orderBy\":\"_key\",\"otherBucket\":true,\"otherBucketLabel\":\"Other\",\"size\":1000},\"schema\":\"bucket\",\"type\":\"terms\"},{\"enabled\":true,\"id\":\"3\",\"params\":{\"customBucket\":{\"enabled\":true,\"id\":\"3-bucket\",\"params\":{\"customInterval\":\"2h\",\"extended_bounds\":{},\"field\":\"@timestamp\",\"interval\":\"auto\",\"min_doc_count\":1},\"schema\":{\"aggFilter\":[],\"deprecate\":false,\"editor\":false,\"group\":\"none\",\"max\":null,\"min\":0,\"name\":\"bucketAgg\",\"params\":[],\"title\":\"Bucket Agg\"},\"type\":\"date_histogram\"},\"customLabel\":\"Activity\",\"customMetric\":{\"enabled\":true,\"id\":\"3-metric\",\"params\":{},\"schema\":{\"aggFilter\":[\"!top_hits\",\"!percentiles\",\"!percentile_ranks\",\"!median\",\"!std_dev\",\"!sum_bucket\",\"!avg_bucket\",\"!min_bucket\",\"!max_bucket\",\"!derivative\",\"!moving_avg\",\"!serial_diff\",\"!cumulative_sum\"],\"deprecate\":false,\"editor\":false,\"group\":\"none\",\"max\":null,\"min\":0,\"name\":\"metricAgg\",\"params\":[],\"title\":\"Metric Agg\"},\"type\":\"count\"}},\"schema\":\"metric\",\"type\":\"sum_bucket\"},{\"enabled\":true,\"id\":\"1\",\"params\":{\"customLabel\":\"Working Time (h)\",\"field\":\"working_time\"},\"schema\":\"metric\",\"type\":\"sum\"}],\"params\":{\"perPage\":20,\"showMetricsAtAllLevels\":false,\"showPartialRows\":false,\"showTotal\":false,\"sort\":{\"columnIndex\":null,\"direction\":null},\"totalFunc\":\"sum\"},\"title\":\"List of users\",\"type\":\"table\"}",
      "uiStateJSON": "{\"vis\":{\"params\":{\"sort\":{\"columnIndex\":null,\"direction\":null}}}}",
      "description": "",
      "version": 1,
      "kibanaSavedObjectMeta": {
        "searchSourceJSON": "{\"index\":\"ec510550-c238-11e8-8e1b-758ef07f6de8\",\"query\":{\"language\":\"lucene\",\"query\":\"\"},\"filter\":[]}"
      }
    },
    "_meta": {
      "savedObjectVersion": 2
    }
  },
  {
    "_id": "7f637200-d068-11e8-9320-a3c87be2b433",
    "_type": "visualization",
    "_source": {
      "title": "List of tasks",
      "visState": "{\"title\":\"List of tasks\",\"type\":\"table\",\"params\":{\"perPage\":20,\"showPartialRows\":false,\"showMetricsAtAllLevels\":false,\"sort\":{\"columnIndex\":2,\"direction\":\"desc\"},\"showTotal\":false,\"totalFunc\":\"sum\"},\"aggs\":[{\"id\":\"1\",\"enabled\":true,\"type\":\"sum\",\"schema\":\"metric\",\"params\":{\"field\":\"working_time\",\"customLabel\":\"Working time (h)\"}},{\"id\":\"2\",\"enabled\":true,\"type\":\"terms\",\"schema\":\"bucket\",\"params\":{\"field\":\"task\",\"size\":1000,\"order\":\"desc\",\"orderBy\":\"1\",\"otherBucket\":false,\"otherBucketLabel\":\"Other\",\"missingBucket\":false,\"missingBucketLabel\":\"Missing\",\"customLabel\":\"Task\"}},{\"id\":\"4\",\"enabled\":true,\"type\":\"terms\",\"schema\":\"bucket\",\"params\":{\"field\":\"userid.keyword\",\"size\":5,\"order\":\"desc\",\"orderBy\":\"_key\",\"otherBucket\":false,\"otherBucketLabel\":\"Other\",\"missingBucket\":false,\"missingBucketLabel\":\"Missing\",\"customLabel\":\"User\"}}]}",
      "uiStateJSON": "{\"vis\":{\"params\":{\"sort\":{\"columnIndex\":2,\"direction\":\"desc\"}}}}",
      "description": "",
      "version": 1,
      "kibanaSavedObjectMeta": {
        "searchSourceJSON": "{\"index\":\"ec510550-c238-11e8-8e1b-758ef07f6de8\",\"query\":{\"query\":\"\",\"language\":\"lucene\"},\"filter\":[]}"
      }
    },
    "_meta": {
      "savedObjectVersion": 2
    }
  },
  {
    "_id": "22250a40-c25d-11e8-8e1b-758ef07f6de8",
    "_type": "dashboard",
    "_source": {
      "title": "Managment",
      "hits": 0,
      "description": "",
      "panelsJSON": "[{\"embeddableConfig\":{\"vis\":{\"params\":{\"sort\":{\"columnIndex\":1,\"direction\":\"desc\"}}}},\"gridData\":{\"x\":0,\"y\":0,\"w\":24,\"h\":33,\"i\":\"1\"},\"id\":\"31ac2d60-c25b-11e8-8e1b-758ef07f6de8\",\"panelIndex\":\"1\",\"type\":\"visualization\",\"version\":\"6.4.0\"},{\"embeddableConfig\":{},\"gridData\":{\"x\":0,\"y\":33,\"w\":48,\"h\":33,\"i\":\"2\"},\"id\":\"543f6260-c25c-11e8-8e1b-758ef07f6de8\",\"panelIndex\":\"2\",\"type\":\"visualization\",\"version\":\"6.4.0\"},{\"embeddableConfig\":{},\"gridData\":{\"x\":0,\"y\":66,\"w\":48,\"h\":33,\"i\":\"3\"},\"id\":\"d92524b0-c25c-11e8-8e1b-758ef07f6de8\",\"panelIndex\":\"3\",\"type\":\"visualization\",\"version\":\"6.4.0\"},{\"embeddableConfig\":{},\"gridData\":{\"x\":24,\"y\":0,\"w\":24,\"h\":33,\"i\":\"4\"},\"id\":\"7f637200-d068-11e8-9320-a3c87be2b433\",\"panelIndex\":\"4\",\"type\":\"visualization\",\"version\":\"6.4.0\"}]",
      "optionsJSON": "{\"darkTheme\":false,\"hidePanelTitles\":false,\"useMargins\":true}",
      "version": 1,
      "timeRestore": false,
      "kibanaSavedObjectMeta": {
        "searchSourceJSON": "{\"query\":{\"language\":\"lucene\",\"query\":\"\"},\"filter\":[]}"
      }
    },
    "_meta": {
      "savedObjectVersion": 2
    }
  }
]
